RMSE,MAE,MAPE (%)
2.1677364581525413,0.9158159122024456,inf
